name,department,office,email,research_interests
Ha Jin-Yong,,학대공연장/집408,,
Seokbae Lee,Daeyang Humanity College,이102,,
Jiwon Byun,Daeyang Humanity College,이103,,
LEE CHUL WOO,Daeyang Humanity College,이202,,
"Chi, Ill Guy",Daeyang Humanity College,이102,,
Ko Hyun Bum,Daeyang Humanity College,이102,,
Kang Dongwon,Daeyang Humanity College,이102,,
JisunLee,Daeyang Humanity College,이102,,
Lee Youngshim,Daeyang Humanity College,세102,,
Minjoo Kim,Daeyang Humanity College,세101,,
Lee Sook Young,Daeyang Humanity College,세202,,
Yongjae Lee,Daeyang Humanity College,군517(Lab-E),,
Jieun Shin,Daeyang Humanity College,,,
Kyle F McCullagh,Daeyang Humanity College,군514(Lab-B),,
Shion Kang,Daeyang Humanity College,군515(Lab-C),,
Todd Tate,Daeyang Humanity College,군516(Lab-D),,
Tory Stephen Thorkelson,Daeyang Humanity College,군517(Lab-E),,
"Ok, Sungsoo",Daeyang Humanity College,군502(Lab-F),,
David M Hindman,Daeyang Humanity College,군513(Lab-A),,
Gordon Maccoy,Daeyang Humanity College,군514(Lab-B),,
Michael Andrew Dirks,Daeyang Humanity College,군515(Lab-C),,
John P. Bernabei,Daeyang Humanity College,군517(Lab-E),,
Hye Won Byun,Daeyang Humanity College,군502(Lab-F),,
Hyun Ah Kim,Daeyang Humanity College,군514(Lab-B),,
Young In Chang,Daeyang Humanity College,군515(Lab-C),,
Catherine Gallagher,Daeyang Humanity College,군516(Lab-D),,
Maria Choe,Daeyang Humanity College,군515(Lab-C),,
Laura Fitch,Daeyang Humanity College,군514(Lab-B),,
Sun Young Park,Daeyang Humanity College,군516(Lab-D),,
"Yang, Jeonghyeon",Daeyang Humanity College,이102,,
HEO JINHYUK,Daeyang Humanity College,이103,,
Song Chihyuk,Daeyang Humanity College,이202,,
PARK LEE JUNG,Daeyang Humanity College,이203,,
Lee Dong Jae,Daeyang Humanity College,이102,,
Jin Sun Young,Daeyang Humanity College,이103,,
Choi Jungyun,Daeyang Humanity College,이202,,
Lee Youngmyn,Daeyang Humanity College,이102,,
EUGENE LEE,Daeyang Humanity College,이102,,
Jung Sanghee,Daeyang Humanity College,집303,,
"Kim, Gunn",Daeyang Humanity College,군504,,
Soo Jeung Lee,Daeyang Humanity College,군504,,
Yongjung Kim,Daeyang Humanity College,군505,,
JIHYE KIM,Daeyang Humanity College,군506,,
WonJae Shin,Daeyang Humanity College,군514(Lab-B),,
Segun Goh,Daeyang Humanity College,군515(Lab-C),,
"Zee, Woong-bae",Daeyang Humanity College,군516(Lab-D),,
"Lim, Jin cheol",Daeyang Humanity College,군513(Lab-A),,
Yeachan Park,Daeyang Humanity College,군107,,
"Oh, Jang-heon",Daeyang Humanity College,광106,,
"Lee,Hee-won",Daeyang Humanity College,광211,,
"Moon, Dong Ho",Daeyang Humanity College,군107,,
"Lim, Jun Seok",Daeyang Humanity College,광106,,
Ju Myung Kim,Daeyang Humanity College,광211,,
"Lee, Ji Eun",Daeyang Humanity College,군107,,
YOUNGJOO.SEO,Daeyang Humanity College,군107,,
"Byun, Taechang",Daeyang Humanity College,광106,,
Algabri Redhwan Nasser Ali,Daeyang Humanity College,센B103,,
Yongsun Kim,Daeyang Humanity College,호302/영B01,,
Dastgeer GHULAM,Daeyang Humanity College,영B01,,
"Han, Sang-Don",Daeyang Humanity College,센B205/영201,,
Chanho Park,Daeyang Humanity College,영201/센B205,,
SuJin Lee,Daeyang Humanity College,,,
"Tak, Jin-young",Daeyang Humanity College,,,
"Lee, Jong-weon",Daeyang Humanity College,,,
Kee-Sun Sohn,Daeyang Humanity College,,,
Kim Mun Suk,Daeyang Humanity College,,,
"Baik, Sung-wook",Daeyang Humanity College,,,
Lilia Tightiz,Daeyang Humanity College,센B112,,
Chang-Jae Chun,Daeyang Humanity College,,,
Abolghasem Sadeghi-Niaraki,Daeyang Humanity College,,,
Woosuk Choi,Daeyang Humanity College,,,
Seok Jeongjoo,Daeyang Humanity College,세206,,
"Kim, Joon-Seok",Daeyang Humanity College,광202,,
"Zhang, Mengze",Daeyang Humanity College,세206,,
Hongseok Choi,Daeyang Humanity College,광206,,
LEE WON KEE,Daeyang Humanity College,광206,,
Lee Hee Soo,Daeyang Humanity College,광203,,
"Yang, Seung Joon",Daeyang Humanity College,애101,,
kim Young Mi,Daeyang Humanity College,군319,,
Seunghwan Ko,Daeyang Humanity College,군109B,,
LEE CHEOL UNG,Daeyang Humanity College,군109B,,
"Jeong, Jinkyu",Daeyang Humanity College,광206,,
LIM HONGTAE,Daeyang Humanity College,,,
Hyogeun PAHK,Daeyang Humanity College,집401,,
Park seungwon,Daeyang Humanity College,군109B,,
Yanghee Noh,Daeyang Humanity College,집401,,
Sunyoung Park,Daeyang Humanity College,집307,,
kim hee jeong,Daeyang Humanity College,군504,,
PARK MIN JUNG,Daeyang Humanity College,군505,,
Jeon Bo young,Daeyang Humanity College,군506,,
"Kim, Dae Jong",Daeyang Humanity College,집401,,
Kang Soo-Ji,Daeyang Humanity College,군505,,
Jaeheun Shim,Daeyang Humanity College,집401,,
"Kong, Eun Mi",Daeyang Humanity College,집303,,
"Lee, Chang kil",Daeyang Humanity College,광110,,
Jeong Yeuncheol,Daeyang Humanity College,,,
JIN HEE KIM,Daeyang Humanity College,영B02,,
"Shim, Jae-kyung",Daeyang Humanity College,세109,,
"Hwang, Seong Bin",Daeyang Humanity College,세108,,
"Kim, Sungeun",Daeyang Humanity College,영601,,
Se-Heon OH,Daeyang Humanity College,영601,,
HODGSON JEFFREY ADAM,Daeyang Humanity College,영510,,
Young-Soo Kwon,Daeyang Humanity College,충101,,
JAE SAM HWANG,Daeyang Humanity College,광211,,
"Song, Oh-young",Daeyang Humanity College,,,
Kyungho Kim,Daeyang Humanity College,영405,,
"Won, jong-ok",Daeyang Humanity College,영B03,,
Yoon Jung Choi,Daeyang Humanity College,군504,,
"Ha, Kil-chan",Daeyang Humanity College,,,
Kim Youngju,Daeyang Humanity College,집502,,
Baek JongChan,Daeyang Humanity College,집502,,
Park Sung Hye,Daeyang Humanity College,집404B,,
Kim MiOk,Daeyang Humanity College,집502,,
Sukhwan Kang,Daeyang Humanity College,군506,,
SIM JI YOUNG,Daeyang Humanity College,센B107,,
LEE JE HUN,Daeyang Humanity College,용103,,
PARK JI YOON,Daeyang Humanity College,용101,,
yang sunghae,Daeyang Humanity College,용102,,
YOON Chul,Daeyang Humanity College,용101,,
SHIN MIN CHUL,Daeyang Humanity College,용102,,
Jung Youngae,Daeyang Humanity College,센B116,,
"Kim, Sook Jin",Daeyang Humanity College,,,
KIM TAE HYUN,Daeyang Humanity College,용B01,,
"Han, Chang Wan",Daeyang Humanity College,,,
KWAK BYOUNG JOO,Daeyang Humanity College,용B01,,
"Yoon,Chun",Daeyang Humanity College,,,
"Kwon, Kyungjung",Daeyang Humanity College,,,
"Jeong, Hae Yong",Daeyang Humanity College,,,
Kim Hyung-Nam,Daeyang Humanity College,,,
Oh Hyemi,Daeyang Humanity College,광713,,
Dongil Han,Daeyang Humanity College,,,
Minchul Kim,Daeyang Humanity College,,,
Lim Tae Jin,Daeyang Humanity College,,,
LeeSoonKi,Daeyang Humanity College,,,
"Ko, Young-dae",Daeyang Humanity College,,,
MIN BYUNGSEOK,Daeyang Humanity College,,,
Choeh Joon Yeon,Daeyang Humanity College,,,
"Kim, Dongho",Daeyang Humanity College,,,
Do Nyeon Kim,Daeyang Humanity College,,,
Park Jae Woo,Daeyang Humanity College,,,
Seunghwa Jeong,Daeyang Humanity College,,,
"CHOI, YOSOON",Daeyang Humanity College,,,
"Choi, Yukyung",Daeyang Humanity College,,,
KIM Dong Sun,Daeyang Humanity College,,,
Byeongun Jo,Daeyang Humanity College,,,
kwon ki hag,Daeyang Humanity College,,,
LEE YUNYOUNG,Daeyang Humanity College,,,
choi seo young,Daeyang Humanity College,,,
Chanil Boo,Daeyang Humanity College,,,
Gilyong Lee,Daeyang Humanity College,,,
"Rim, You Seung",Daeyang Humanity College,,,
Yongun Jeong,Daeyang Humanity College,,,
Ara Jo,Daeyang Humanity College,,,
Choi Young Jin,Daeyang Humanity College,,,
"Kim, Minseong",Daeyang Humanity College,,,
PARK KYU MIN,Daeyang Humanity College,,,
"Park, Sangun",Daeyang Humanity College,,,
"Park, Sunghoon",Daeyang Humanity College,,,
"Byeon, Chang heum",Daeyang Humanity College,,,
Lee Subin,Daeyang Humanity College,,,
"Chung, Jae Yoon",Daeyang Humanity College,,,
"Rhee, Inmoo",Daeyang Humanity College,,,
"Kim, Hyung Seok",Daeyang Humanity College,,,
Jung Jong Wan,Daeyang Humanity College,,,
Jin Woo Song,Daeyang Humanity College,,,
"Jeong, Hyeong Chai",Daeyang Humanity College,,,
"JUNG, Eunju",Daeyang Humanity College,광108A,,
TAI HA LEE,Daeyang Humanity College,,,
Tae-Gyu Lim,Daeyang Humanity College,,,
"Jeon,Eui-chan",Daeyang Humanity College,,,
Jee Hoon Lee,Daeyang Humanity College,,,
Jennifer Choi,Daeyang Humanity College,,,
Jeongmin Wee,Daeyang Humanity College,,,
Hyewon Jang,Daeyang Humanity College,광108A,,
"Lee, Chung-hun",Daeyang Humanity College,세101,,
Sunyoung Kim,Daeyang Humanity College,광108A,,
"Min, Kyung-Seok",Daeyang Humanity College,광108A,,
"Kim, Seung Goo",Korean Language and Literature,집301,,
Park Keunhee,Korean Language and Literature,집301,,
Lee Kanghyuk,Korean Language and Literature,집301,,
CHOI JIN OK,Korean Language and Literature,집301,,
Park Jiyong,Korean Language and Literature,집301,,
Park Soo-Min,Korean Language and Literature,집301,,
Lee Jin,Korean Language and Literature,집301,,
Kim Dohyung,Division of International Studies,집404A,,
"Lee, Kyoung Rang",Division of International Studies,집408,,
Lee Byung Jin,Division of International Studies,집502,,
KIM Hyosook,Division of International Studies,집502,,
Wonbin Kim,Division of International Studies English Language and Literature,집403,,
Ayoung Seok,Division of International Studies English Language and Literature,집503,,
"Kim, Soo Yeon",Division of International Studies English Language and Literature,집403,,
Hye Won SHIN,Division of International Studies English Language and Literature,,,
"Lee, Dong Young",Division of International Studies English Data Convergence Major,집403,,
"Kwak, Eun Joo",Division of International Studies English Data Convergence Major,집403,,
LEE SEUNGJUN,Division of International Studies Japanese Language and Literature,집502,,
"Jeong, Hye Kyeong",Division of International Studies Japanese Language and Literature,집702,,
CHOI PilSoo,Division of International Studies Chinese Trade and Commerce,집309,,
"Lee, Moon gi",Division of International Studies Chinese Trade and Commerce,집309,,
"Kang, Pilyim",Division of International Studies Chinese Trade and Commerce,집404B,,
BAI GUIHUA,Division of International Studies Chinese Trade and Commerce,집404B,,
Woo Eun Jin,History,집307,,
Choi Hyanglan,History,집307,,
Lim Pyeong seob,History,집307,,
Cho Won Chin,History,집307,,
Kwon HyunSoo,Education,집407,,
Ku Rina,Education,집407,,
"Lee, In Sook",Education,집407,,
Kimeunsoo,Education,집407,,
Lee yongwun,Education,집407,,
Hye-Yoon Choi,Education,집407,,
"JIN, YUANYING",Education,집407,,
Kim Eunhee,Education,집407,,
Kim Heeyeon,Education,집705,,
DOUGLAS ETHAN HEILMAN JR,Division of Global Leadership,집403,,
"Jeong, Sang Hee",Division of Global Leadership,집301,,
Whi Chang,Division of Global Leadership Major of International Affairs,집503,,
"Choi, Anna",Public Administration,집403,,
Sung Sea Young,Public Administration,집503,,
"Shin, Jeong eun",Public Administration,집303,,
"Kim, Mee jung",Public Administration,집303,,
Jeong Su Yong,Public Administration,집311,,
"Kwak, Chang gyu",Public Administration,집311,,
"Lee, Su yun",Public Administration,집311,,
Byunghoon Han,Public Administration,집311,,
Cho Hyungi,Public Administration,집311,,
Yoo In-ho,Public Administration,집311,,
Park Gain,Department of Media Communication,집501B,,
Yong Whi Song,Department of Media Communication,집501B,,
Sung-Dong Cho,Department of Media Communication,집302,,
"Oh, Jeongho",Department of Media Communication,집402,,
Jung Won Chun,Department of Media Communication,집402,,
Park Sunny,Department of Media Communication,집308,,
"Kim, Hark Shin",Department of Media Communication,집308,,
"Shin, Eun-Ja",Department of Media Communication,집308,,
Gascon Karlo James,Department of Media Communication,집308,,
JO UNHAENG,Department of Media Communication,집501B,,
Hyo-Jeong Lee,Department of Media Communication,집501B,,
"Lim, Jongsoo",Department of Media Communication,집501B,,
"Kim, Mihee",Department of Media Communication,집308,,
Lee Sangrock,Department of Media Communication,집308,,
"Lee, Guiohk",Department of Media Communication,집501B,,
leejoonho,Department of Law,광110,,
"Kim, Daehwi",Department of Law,광110,,
KIM YONG HUN,Department of Law,광109,,
KIM Yong Sup,Department of Law,광110,,
"Choi, Sung Jai",Department of Law,광110,,
JAE WOOK JEONG,Department of Law,광110,,
Song Seunghyun,Department of Law,광110,,
Kyungin Ryu,Business Administration,광208,,
Byoung Jo Chun,Business Administration,광208,,
Kim Ye Won,Business Administration,광208,,
Dong Il Lee,Business Administration,광313,,
"Choi, Jinho",Business Administration,광208,,
Eunmi Lee,Business Administration,광207,,
Jaeyung Huh,Business Administration,광203,,
"LEE, KYUSEOK",Business Administration,광313,,
"Kang, Won",Business Administration,광210,,
Seok Sangik,Business Administration,광203,,
Seunghee Yang,Business Administration,광203,,
"RHEE, CHANG SEOP",Business Administration,광313,,
Silver Chung,Business Administration,광203,,
Jong Pil Yu,Business Administration,광430,,
Kim Ji-Hern,Business Administration,광313,,
Yoon Ho Jung,Business Administration,광208,,
Sann Hee Ryu,Business Administration,광203,,
CHAE Myoung-Jin,Business Administration,광208,,
"Choi, Chul Hun",Business Administration,광207,,
Jaeyoung Oh,Business Administration,광202,,
ILHYUN JO,Business Administration,광201,,
"Lee, Yujin",Business Administration,광202,,
Daniel Hwang,Business Administration,광202,,
kihyon kim,Business Administration,광413,,
"Kim, Haejin",Business Administration,광202,,
"Kwon, In Su",Business Administration,광202,,
Sangjae Lee,Business Administration,광430,,
Young Ran Joo,Business Administration,광414,,
"Shin, Nina",Business Administration,광429,,
SeungOh Han,Business Administration,광413,,
Sunwoo Hee-Yeon,Business Administration,광208,,
Hye Jung Yoon,Business Administration,광430,,
Jaywon LEE,Business Administration,광207,,
"Lee, Yong-ki",Business Administration,광207,,
YONG-SIK HWANG,Business Administration,광207,,
Jeon Min gyeong,Business Administration,광207,,
Soo Jeong Hong,Business Administration,광207,,
YIN MEILING,Business Administration,광207,,
"Jae-Jang, Yang",Business Administration,광207,,
Joonhwan Kim,Business Administration,광313,,
"Heo, Youngsoo",Department of Economics,광719,,
"Lee, Jong-Eun",Department of Economics,광720,,
Jungsuk Kim,Department of Economics,광720,,
JO WEON-KYOUNG,Department of Economics,광719,,
LEE SUNG AH,Department of Economics,광719,,
Jaechul Chang,Department of Economics,광719,,
HWA RYUNG LEE,Department of Economics,광720,,
"Kim, Seongeun",Department of Economics,광720,,
Hojin Park,Department of Economics,광720,,
Hong Jung Min,Department of Economics,광720,,
"Ahn, Young-joo","Hospitality, Tourism and Food Service Management",광205,,
Yeon Jihwan,"Hospitality, Tourism and Food Service Management",광617,,
Park Hyunjung,"Hospitality, Tourism and Food Service Management",광204,,
Minji Kim,"Hospitality, Tourism and Food Service Management",광204,,
"Han, Hee-sup","Hospitality, Tourism and Food Service Management Hospitality and Tourism Management",광617,,
"Ahn, Yoon-young","Hospitality, Tourism and Food Service Management Hospitality and Tourism Management",광616,,
"Lee, Seul-ki","Hospitality, Tourism and Food Service Management Hospitality and Tourism Management",광617,,
kwun youngjoong,"Hospitality, Tourism and Food Service Management Hospitality and Tourism Management",광529,,
"Byun, Jae-mun","Hospitality, Tourism and Food Service Management Hospitality and Tourism Management",광205,,
"Oh, Hee-kyun","Hospitality, Tourism and Food Service Management Hospitality and Tourism Management",광205,,
Seweryn ZIELINSKI,"Hospitality, Tourism and Food Service Management Hospitality and Tourism Management",광205,,
"Oh, Mihae","Hospitality, Tourism and Food Service Management Hospitality and Tourism Management",광205,,
Thomas Christopher Eck,"Hospitality, Tourism and Food Service Management Hospitality and Tourism Management",광204,,
Daeyoung Rye,"Hospitality, Tourism and Food Service Management Hospitality and Tourism Management",광628,,
"Kim, Jin-hoo","Hospitality, Tourism and Food Service Management Hospitality and Tourism Management",광617,,
HYUN HO HA,"Hospitality, Tourism and Food Service Management Hospitality and Tourism Management",광614,,
"Cho, Yong-hyun","Hospitality, Tourism and Food Service Management Hospitality and Tourism Management",광617,,
Eom Hwa Seon,"Hospitality, Tourism and Food Service Management Hospitality and Tourism Management",광205,,
Mitali Sarkar,"Hospitality, Tourism and Food Service Management Hospitality and Tourism Management",광617,,
Han Tae Hee,"Hospitality, Tourism and Food Service Management Hospitality and Tourism Management",광613,,
Han miok,"Hospitality, Tourism and Food Service Management Hospitality and Tourism Management",광204,,
Ko Young Kwan,"Hospitality, Tourism and Food Service Management Hospitality and Tourism Management",광628,,
Choi yujeong,"Hospitality, Tourism and Food Service Management Hospitality and Tourism Management",광617,,
Seung Seok Yoo,"Hospitality, Tourism and Food Service Management Food Service Management",광616,,
KIM MINJUNG,"Hospitality, Tourism and Food Service Management Food Service Management",광428,,
"Park, Kwangmin","Hospitality, Tourism and Food Service Management Food Service Management",광629,,
"Ryu, Ki Sang","Hospitality, Tourism and Food Service Management Food Service Management",광616,,
"Chung, Chang-Ho","Hospitality, Tourism and Food Service Management Food Service Management",광616,,
Seung-Joo Lee,"Hospitality, Tourism and Food Service Management Food Service Management",광712,,
"Hwang, Jinsoo","Hospitality, Tourism and Food Service Management Food Service Management",광616,,
Eun Joo Kim,"Hospitality, Tourism and Food Service Management Food Service Management",광616,,
"Yun, seongjun","Franchise Management of Hotel, Restaurant and Tourism",광206,,
Kang Sumin,"Franchise Management of Hotel, Restaurant and Tourism",광206,,
Shim Heejin,"Franchise Management of Hotel, Restaurant and Tourism",광206,,
UN JI BAEK,"Franchise Management of Hotel, Restaurant and Tourism",광206,,
KANG HONGGU,"Franchise Management of Hotel, Restaurant and Tourism",광206,,
"Byung Hwa, Song","Franchise Management of Hotel, Restaurant and Tourism",광206,,
HeeWon Park,"Franchise Management of Hotel, Restaurant and Tourism",광629,,
PARK byeong gu,Hotel Restaurant Business,이101,,
BAEK SU JIN,Hotel Restaurant Business,이101,,
"GOO, SUNBON",Hotel Restaurant Business,광428,,
Cho Jung Mi,Hotel Restaurant Business,이101,,
HAM DONG CHUL,Hotel Restaurant Business,이101,,
CHOI SEOHUN,Department of International Culinary Arts,센B125,,
"Cha, Young Joon",Department of Mathematics and Statistics,광801,,
"Kim, Donghoh",Department of Mathematics and Statistics,영301,,
"Lee, Eon-Kyung",Department of Mathematics and Statistics,다116,,
"Lee, Seung Yeoun",Department of Mathematics and Statistics,광801,,
Yu Ho Seog,Department of Mathematics and Statistics,영301,,
"Lee, Nam-kyung",Physics and Astronomy,호302/영B01,,
Saehanseul Oh,Physics and Astronomy,영B01/호302/영601,,
"Choi, Hee-Jin",Physics and Astronomy,집308/호302,,
Hyukgun Kwon,Physics and Astronomy,호302/영B01,,
Daekyoung Kang,Physics and Astronomy,호302/영B01,,
Hyunsoo Kim,Physics and Astronomy,호302/영B01,,
"Noh, Hwa-Yong",Physics and Astronomy,영B01/호302/영601,,
Sungwoo Park,Physics and Astronomy,영B01/호302/영601,,
"Kim, Keun Soo",Physics and Astronomy,호102/호302,,
"Chae,Kyu-Hyun",Physics and Astronomy,호103/호302,,
"Seo, Sunae",Physics and Astronomy,이205/호302,,
Dietrich Wulferding,Physics and Astronomy,영601,,
"Lee,Jae-Woo",Physics and Astronomy,영601,,
Benjamin L’HUILLIER,Physics and Astronomy,영405,,
"Hong, Suk Lyun",Physics and Astronomy,영601,,
Graziano Rossi,Physics and Astronomy,영601,,
"Chun, Seung-hyun",Physics and Astronomy,영405,,
Maurice VanPutten,Physics and Astronomy,영601,,
"Kim, Gwang Hee",Physics and Astronomy,영405,,
Jang soonmin,Chemistry,영201/센B205,,
Sungmin Park,Chemistry,센B205/충104B,,
Kim Yong Suk,Chemistry,센B205/영201,,
"Chae,Young Kee",Chemistry,영201/센B205,,
"Kang, Jong Min",Chemistry,충104B/센B205,,
"Choi, Sung-seen",Chemistry,영208,,
"Lim, Dong Yeol",Chemistry,영401,,
Suguna PERUMAL,Chemistry,영401,,
Wonmok Lee,Chemistry,영208,,
PARK EUNI,Chemistry,영B03,,
sungkwon park,school of biological science and technology Food Science and Biotechnology,이205/율405,,
Geunpyo Hong,school of biological science and technology Food Science and Biotechnology,김607,,
"Yoo,Sang-ho",school of biological science and technology Food Science and Biotechnology,광201,,
"Lee, Suyong",school of biological science and technology Food Science and Biotechnology,김607,,
Shim Soon-Mi,school of biological science and technology Food Science and Biotechnology,광714,,
Byung-Hoo Lee,school of biological science and technology Food Science and Biotechnology,김607,,
Hakdong Shin,school of biological science and technology Food Science and Biotechnology,김607/율405,,
Jonghyeok Shin,school of biological science and technology Food Science and Biotechnology,,,
Kim Jinjoo,school of biological science and technology Integrative Bioscience and Biotechnology,충101A,,
"Yun, Eun-Young",school of biological science and technology Integrative Bioscience and Biotechnology,광201,,
"Kang, Shin Jung",school of biological science and technology Integrative Bioscience and Biotechnology,충105A,,
"Kim, Dong-Gwan",school of biological science and technology Integrative Bioscience and Biotechnology,광201,,
"Lee, Young Joo",school of biological science and technology Integrative Bioscience and Biotechnology,충101,,
"Im, Hana",school of biological science and technology Integrative Bioscience and Biotechnology,충101,,
"Ha,Jeong-sil",school of biological science and technology Integrative Bioscience and Biotechnology,영B02/충604,,
SOO JEONG LIM,school of biological science and technology Integrative Bioscience and Biotechnology,충102,,
"Kim, Yang Hee",school of biological science and technology Integrative Bioscience and Biotechnology,충101,,
Ji Eon Kim,school of biological science and technology Integrative Bioscience and Biotechnology,영B02,,
"Um, Soo Jong",school of biological science and technology Integrative Bioscience and Biotechnology,충604/영B02,,
Hyung-Wook Kim,school of biological science and technology Integrative Bioscience and Biotechnology,충604/영B02,,
"Youn, HyeSook",school of biological science and technology Integrative Bioscience and Biotechnology,충604/영B02,,
"Hong,Seok-mann",school of biological science and technology Integrative Bioscience and Biotechnology,충101,,
"Jwa,Nam-soo",school of biological science and technology Integrative Bioscience and Biotechnology,영B02,,
"Oh,Duk-jae",school of biological science and technology Integrative Bioscience and Biotechnology,충101,,
"Ryu, Chun Jeih",school of biological science and technology Integrative Bioscience and Biotechnology,충101,,
Spandana Rajendra Kopalli,school of biological science and technology Integrative Bioscience and Biotechnology,,,
"Lee, Sanghyeob",school of biological science and technology Bioresources Engineering,이205/충604,,
"Kim,Kyung-Nam",school of biological science and technology Bioresources Engineering,이205,,
"Song, Ki Hwan",school of biological science and technology Bioresources Engineering,이205,,
"Park, Han Yong",school of biological science and technology Bioresources Engineering,충604/이205,,
Sim Sung-Chur,school of biological science and technology Bioresources Engineering,광714,,
Jang Kyeong Jin,Department of Integrative Biological Sciences and Industry,다116,,
Jae Sik Yu,Department of Integrative Biological Sciences and Industry,호101,,
Hyun-Seung Park,Department of Integrative Biological Sciences and Industry,광712,,
Jang-Won Lee,Department of Integrative Biological Sciences and Industry,광201,,
Hyun Kwon Suh,Department of Integrative Biological Sciences and Industry,광712,,
LEE GAKYUNG,Department of Integrative Biological Sciences and Industry,호101,,
Kyung Do Kim,Department of Integrative Biological Sciences and Industry,호101,,
Shin Sol,Department of Integrative Biological Sciences and Industry,,,
"Yeo, Woonyoung",Electrical Engineering,이104,,
"Pang, Hee-Suk",Electrical Engineering,충906,,
"Kim,Ajung",Electrical Engineering,충906,,
"Lee, Kyung Geun",Electrical Engineering,충908,,
"Uh,Hyung-soo",Electrical Engineering,충904,,
"Shin, BhumJae",Electrical Engineering,충904,,
"Bae, Jin Soo",Electrical Engineering,충908,,
"Kim, Joon Yub",Electrical Engineering,,,
"Woo, Mi Ae",Electrical Engineering,,,
"Kim, Woo Shik",Electrical Engineering,,,
"Kwon, Oh Jin",Electrical Engineering,,,
"Moon, Joo Hee",Electrical Engineering,,,
"Park, Sang Sik",Electrical Engineering,,,
"Song, Hyoung Kyu",Electrical Engineering,,,
"Hyun,Kyung-sook",Electrical Engineering,,,
"Moon,Hee-jong",Electrical Engineering,,,
"Kim,Taegeun",Electrical Engineering,,,
"Han, Jong-ki",Electrical Engineering,,,
"Kim,Jeong",Electrical Engineering,,,
"Lee, Joon-Ho",Electrical Engineering,,,
Lee Seong Joo,Electrical Engineering,,,
"Kim, Kyoung-Youm",Electrical Engineering,,,
Seulki Kyeong,Electrical Engineering,,,
Daijoon Hyun,Department of Semiconductor Systems Engineering,충917,,
Jahyun Koo,Department of Semiconductor Systems Engineering,충928,,
Hyojung Kim,Department of Semiconductor Systems Engineering,호301,,
"Kim, Deok-Kee",Department of Semiconductor Systems Engineering,호301,,
"Kim,Hee-Dong",Department of Semiconductor Systems Engineering,호301,,
Youngwoo Kim,Department of Semiconductor Systems Engineering,호301,,
"Koo, Ja Hoon",Department of Semiconductor Systems Engineering,호301,,
Taeyong Eom,Department of Semiconductor Systems Engineering,호301,,
Nam Taewook,Department of Semiconductor Systems Engineering,호301,,
Hyo-Sik Yang,Computer Engineering,센B202,,
"Lee, Yung-Lyul",Computer Engineering,센B202,,
"You, Young-hwan",Computer Engineering,센B103,,
Nhu Ngoc DAO,Computer Engineering,집302,,
DILSHAD NAQQASH,Computer Engineering,센B209,,
"Park, Tae Soon",Computer Engineering,,,
"Shin, Dong Il",Computer Engineering,,,
"Shin, Dong Kyoo",Computer Engineering,,,
Seung Bin Moon,Computer Engineering,,,
"Kim, Hae Kwang",Computer Engineering,,,
"CHOI, SOO MI",Computer Engineering,,,
"No,Jaechun",Computer Engineering,,,
"Park, Woo-chan",Computer Engineering,,,
"Park, Gi-Ho",Computer Engineering,,,
"Na, Joong Chae",Computer Engineering,,,
Yun Jang,Computer Engineering,,,
Unil Yun,Computer Engineering,,,
LEE KANGWON,Computer Engineering,,,
Kim Yong Guk,Computer Engineering,,,
"Yun, JooBeom",Department of Computer and Information Security,센B105,,
"Kim, Young-Gab",Department of Computer and Information Security,센B208,,
Kim JongHyun,Department of Computer and Information Security,센B208,,
Ki-Woong Park,Department of Computer and Information Security,센B208,,
Song Jaeseung,Department of Computer and Information Security,센B208,,
Ji Sun Shin,Department of Computer and Information Security,센B208,,
Kwangsu Lee,Department of Computer and Information Security,센B208,,
Jong-Hyouk Lee,Department of Computer and Information Security,센B208,,
"KWON, SOON IL",Department of Software,센B112,,
"Park, Sang Il",Department of Software,센B114,,
Eunsang Lee,Department of Software,센B114,,
Kyungjune Baek,Department of Software,센B114,,
Taehyun Ha,Data Science,센B110,,
Jangkyum Kim,Data Science,센B122,,
Hyun-Suk Lee,Department of Intelligent Mechatronics Engineering,센B106,,
Brian Byunghyun Kang,Department of Intelligent Mechatronics Engineering,센B204,,
"Lee, Byung Moo",Department of Intelligent Mechatronics Engineering,센602,,
"Suhr, Jae Kyu",Department of Intelligent Mechatronics Engineering,,,
"Lee, Jin Young",Department of Intelligent Mechatronics Engineering,,,
"Jeong, Cheol",Department of Intelligent Mechatronics Engineering,,,
KIM SE WON,Department of Intelligent Mechatronics Engineering,센524,,
Chanhwa Lee,Department of Intelligent Mechatronics Engineering,센521,,
Choi Ho Seon,Department of Intelligent Mechatronics Engineering,센310B,,
Ryu Seung Hyoung,Department of Intelligent Mechatronics Engineering,다212B,,
Chang Ho Kang,Department of Intelligent Mechatronics Engineering,우214,,
Haesang Yang,Department of Intelligent Mechatronics Engineering,우215,,
"Cho, Jaejin",Department of Intelligent Mechatronics Engineering,,,
Jae-Kwan Ryu,Department of Intelligent Mechatronics Engineering,광1004B,,
Hyun Soo Woo,Department of Intelligent Mechatronics Engineering,우216,,
Hee Sun Choi,Department of Intelligent Mechatronics Engineering,,,
Hwansoo Jeon,Creative Studies Design Innovation,,,
Young Eun Kim,Creative Studies Design Innovation,진602,,
"PARK, YONG JIN",Creative Studies Design Innovation,진609,,
Jakyoung Min,Creative Studies Design Innovation,진602,,
Jinsung Kim,Creative Studies Design Innovation,진609,,
"Kim, Sae Hoon","Creative Studies Comics, Animation and Technology",군418,,
WANG TEH YUAN,"Creative Studies Comics, Animation and Technology",군418,,
Lee hyun se,"Creative Studies Comics, Animation and Technology",군414,,
"KIM, MIN JUNG","Creative Studies Comics, Animation and Technology",군319,,
Yun Geuk KANG,"Creative Studies Comics, Animation and Technology",군319,,
Seunghyup Shin,Department of Artificial Intelligence,센B122,,
Junghyun Kim,Department of Artificial Intelligence,센B122,,
SEJAN MOHAMMAD ABRAR SHAKIL,Department of Electrical Engineering,이104,,
Hansol Kim,Department of Electrical Engineering,이204,,
Hongchan Kim,Department of Electrical Engineering,충905,,
Jin Hee Yoon,지능정보융합학과,호101,,
Bong Seok Park,지능정보융합학과,호201,,
Jonghun Han,지능정보융합학과,호202,,
Sunghwan Kim,지능정보융합학과,호202,,
Honggu Kang,지능정보융합학과,호202,,
"Lee, Hak Sung",지능정보융합학과,호201,,
Jaeho Kim,지능정보융합학과,호201,,
GYEONG HO LEE,지능정보융합학과,호201,,
LEE SEOKYOUNG,지능정보융합학과,호201,,
Baek MyungSun,지능정보융합학과,호202,,
Mohammad Jalil Piran,Department of Computer Engineering,센B103,,
Rajendra Dhakal,Department of Computer Engineering,센B209,,
Abdulrahman H. Ba-Alawi,Department of Computer Engineering,집302,,
Cheonshik Kim,Department of Computer Engineering,센B203,,
Jawad Tanveer,Department of Computer Engineering,센B203,,
Minjong Cheon,Department of Computer Engineering,호203,,
"Kook, Hyung Joon",Department of Computer Engineering,센B201,,
"Jeong , Seunggweon",Department of Computer Engineering,센B202,,
TEO YONG SIAH,Department of Computer Engineering,센B203,,
Byeongchan Park,Department of Computer Engineering,센B202,,
KONG SEONG GON,Department of Computer Engineering,,,
LEE Soojeong,Department of Computer Engineering,센B209,,
MUHAMMAD ZUBAIR ISLAM,Department of Computer Engineering,센B209,,
Amad Zafar,Department of Computer Engineering,센B201,,
Sufyan Ali MEMON,Department of Computer Engineering,센B206,,
Usman Ali,Department of Computer Engineering,센B209,,
Changhee Choi,Department of Computer and Information Security,센B208,,
Kyoyun Choi,Department of Artificial Intelligence and Data Science,이201,,
Almasni Mohammed Abdulraheem M,Department of Artificial Intelligence and Data Science,이201,,
Norma Latif Fitriyani,Department of Artificial Intelligence and Data Science,센B110,,
FARANAKSADAT SOLAT,Department of Artificial Intelligence and Data Science,센B110,,
Jeong Sehoon,Department of Artificial Intelligence and Data Science,광910,,
MUHAMMAD SYAFRUDIN,Department of Artificial Intelligence and Data Science,광910,,
Jamil HUSSAIN,Department of Artificial Intelligence and Data Science,이201,,
Taeyong Sim,Department of Artificial Intelligence and Data Science,센B110,,
Yeonghyeon Gu,Department of Artificial Intelligence and Data Science,광910,,
JUNAID RASHID,Department of Artificial Intelligence and Data Science,센B110,,
Donghyeon Park,Department of Artificial Intelligence and Data Science,센B122,,
Moon Yeon Guk,Department of Artificial Intelligence and Data Science,센B122,,
Muhammad Umair ALI,Department of Artificial Intelligence and Robotics,센B204,,
YongHun Kim,Department of Artificial Intelligence and Robotics,센B108,,
Song Young Rok,Department of Artificial Intelligence and Robotics,센B104,,
Chankyu Son,Department of Artificial Intelligence and Robotics,센B104,,
Amir HAIDER,Department of Artificial Intelligence and Robotics,센B204,,
Seong Wook Shin,,광211,,
HYEMIN JO,Creative Studies,군412,,
Song Minsun,Creative Studies Design Innovation,진603,,
KIHYUN JUNG,Creative Studies Design Innovation,진604,,
PARK YUNJE,Creative Studies Design Innovation,진604,,
Jung Suyoung,Creative Studies Design Innovation,진603,,
Dae Ki Shim,Creative Studies Design Innovation,진604,,
Eunsun Yoo,Creative Studies Design Innovation,진602,,
Suk Go,Creative Studies Design Innovation,진511,,
SINHONG AHN,Creative Studies comics animation technology,군419,,
YOOYONGWOO,Creative Studies comics animation technology,군412,,
Park JungMyung,Creative Studies comics animation technology,군416,,
Dongyoung Roh,사이버국방학과,충105A,,
CHOI NAG JUNG,사이버국방학과,센B105,,
Minchae Jung,Department of Intelligent Inte,,,
Hakpyeong Kim,Architectural Engineering,충101A,,
Seunghye Lee,Architectural Engineering,충516,,
"Choi, Anseop",Architectural Engineering,충101A,,
"Lee, Jaehong",Architectural Engineering,충101A,,
Yun Su-In,Architectural Engineering,충101A,,
KIM HYUNKI,Architectural Engineering,충516,,
"Lee, Jaewook",Architectural Engineering,광209,,
"An, Yun-Kyu",Architectural Engineering,충101A,,
"Sung, Minki",Architectural Engineering,충101A,,
"Lee, Kihak",Architectural Engineering,충101A,,
"Jeong, Kwangbok",Architectural Engineering,충516,,
"Lee, Dongkyu",Architectural Engineering,충101A,,
Shin Hojeon,Architectural Engineering,충516,,
Bongchan Jeong,Department of Architecture,율201,,
Yoon-jeong Shin,Department of Architecture,충206,,
JIN,Department of Architecture,충207,,
Hong Hyojung,Department of Architecture,충208,,
"Jang Eun, Cho",Department of Architecture,충209,,
Soojeong Kwon,Department of Architecture,충210,,
Seoug Oh,Department of Architecture,충223,,
Jangdo Ki,Department of Architecture,충227,,
Jang Seo Yun,Department of Architecture,충220,,
YUJIN PARK,Department of Architecture,충221,,
"Kim, Han Soo",Department of Architecture,율201,,
"KIM,Min Joung",Department of Architecture,광210,,
Tae Hyuk Kim,Department of Architecture,충516,,
Dong Hyun Kim,Department of Architecture,율202,,
JAE LEE,Department of Architecture,율204,,
LEE WON BONG,Department of Architecture,율205,,
LEE GAYOON,Department of Architecture,율201,,
Joonbeum Kwun,Department of Architecture,율206,,
HYUNWOO CHUNG,Department of Architecture,율207,,
KIM JAEHYEON,Department of Architecture,율208,,
SANG DAE JUNG,Department of Architecture,세202,,
"Kim, Young Ook",Department of Architecture,율201,,
"Lee, Chang Hoon",Civil and Environmental Engineering,광102,,
"Jin, Seung-Seop",Civil and Environmental Engineering,광102,,
"Song, Ji Hyeon",Civil and Environmental Engineering,광102,,
"Kwon,Hyun-Han",Civil and Environmental Engineering,광102,,
"Kim, Jong Min",Civil and Environmental Engineering,광102,,
Jang Daeik,Civil and Environmental Engineering,광102,,
Jungho Kim,Civil and Environmental Engineering,율201,,
Tae-Suk Bae,Civil and Environmental Engineering,광210,,
Sang Yeob Kim,Civil and Environmental Engineering,율201,,
"Lee, Jong-Jae",Civil and Environmental Engineering,충1108,,
"Lee,Hyun-jong",Civil and Environmental Engineering,영510,,
"Suk Jong, Yi",Civil and Environmental Engineering,충1108,,
Junsung Noh,"Environment, Energy and Geoinformatics",영510,,
Jeong Jeehoon,"Environment, Energy and Geoinformatics",영510,,
JEONG SEULKI,"Environment, Energy and Geoinformatics",영510,,
Lee Yunkyung,"Environment, Energy and Geoinformatics",영510,,
"Hur, Jin","Environment, Energy and Geoinformatics",영510,,
Sungwook Hong,"Environment, Energy and Geoinformatics",영510,,
Young Su Lee,"Environment, Energy and Geoinformatics",영510,,
"Park, Jun-Young",Department of Nano Technology and Advanced Materials Engineering,충101,,
Hee Jo Song,Department of Nano Technology and Advanced Materials Engineering,충102,,
"Kim,Sun Jae",Department of Nano Technology and Advanced Materials Engineering,이205,,
"Kim, Tae Wan",Department of Nano Technology and Advanced Materials Engineering,집503,,
Naesung Lee,Department of Nano Technology and Advanced Materials Engineering,광109,,
"Choi, Taekjib",Department of Nano Technology and Advanced Materials Engineering,광109,,
"Lee,Won-hee",Department of Nano Technology and Advanced Materials Engineering,호103,,
Dongki Lee,Department of Nano Technology and Advanced Materials Engineering,집503,,
Yongho Seo,Department of Nano Technology and Advanced Materials Engineering,호103,,
"Park, Kyeong Soon",Department of Nano Technology and Advanced Materials Engineering,충102,,
Sung Chul Hong,Department of Nano Technology and Advanced Materials Engineering,호103,,
Young-Soo Seo,Department of Nano Technology and Advanced Materials Engineering,호103,,
Ki Buem Kim,Department of Nano Technology and Advanced Materials Engineering,충410,,
Seung-Taek Myung,Department of Nano Technology and Advanced Materials Engineering,충410,,
Bomi GWEON,Mechanical Engineering,광209,,
Kunsik An,Mechanical Engineering,충106,,
"Jang, Gang-Won",Mechanical Engineering,군319,,
"Shin, Young Gy",Mechanical Engineering,광209,,
"Jun,Yong-tae",Mechanical Engineering,충1007,,
"Sohn, Chae Hoon",Mechanical Engineering,충106,,
"Chung, Jae-dong",Mechanical Engineering,충106,,
"Lee, Min Hyung",Mechanical Engineering,충106,,
Gwak kwan-woong,Mechanical Engineering,광109,,
Jinwoo Son,Mechanical Engineering,충1007,,
Kim Sang Wan,Engineering Energy Resources and Geosystems Engineering,충1102B,,
"Park, Hyuck Jin",Engineering Energy Resources and Geosystems Engineering,충1111,,
"Jung, Myung Chae",Engineering Energy Resources and Geosystems Engineering,광210,,
Yeon-Gun Lee,Department of Engineering Quantum and Nuclear Engineering,광101,,
"Lim, Kyung Taek",Department of Engineering Quantum and Nuclear Engineering,광101,,
"Jung, Woo Sik",Department of Engineering Quantum and Nuclear Engineering,광101,,
NGUYEN HUU TIEP,Department of Engineering Quantum and Nuclear Engineering,광101,,
"Park, Chang Je",Department of Engineering Quantum and Nuclear Engineering,광101,,
HONG SEOKPYO,Department of Engineering Quantum and Nuclear Engineering,광101,,
"Park, Moon-Ghu",Department of Engineering Quantum and Nuclear Engineering,광101,,
SHIM HANSEUL,Aerospace Engineering,군106,,
"Lee, Kyun Ho",Aerospace Engineering,군106,,
"KIM, O-Jong",Aerospace Engineering,충B107,,
Seung-Hoon Kang,Aerospace Engineering,충1108,,
"Park,Sungsu",Aerospace Engineering,충106,,
Hojun You,Aerospace Engineering,군106,,
"Hong, Sung Kyung",Aerospace Engineering,광1020,,
Jung Hyun Kim,Aerospace Engineering,광209,,
"Kim, Haedong",Aerospace Engineering,광712,,
"Ahn,Jon",Aerospace Engineering,광714/광713,,
"Kim, Jaegang",,광828,,
PETHA SETHURAMAN Vignesh Ram,,광828,,
"Lee, Soung Sub",,광105,,
Do Wan Kim,Defence System Engineering,광103,,
Geunhwan Kim,Defence System Engineering,광1020,,
YU GeunJong,Defence System Engineering,광103,,
"Yoon, Yeo-Sun",Defence System Engineering,광103,,
"KIM, EUNHEE",Defence System Engineering,광103,,
Jonghoek Kim,Defence System Engineering,광1020,,
Keun-Hwa Lee,Defence System Engineering,광1020,,
Hyesook Kim,Painting,진301,,
Park Chunhwa,Painting,진301,,
Lee.Kang-hwa,Painting,진301,,
Kwon Louise,Painting,진301,,
KWONBONGKYUN,Painting,진301,,
LIM Geun-jun,Painting,진402,,
Park Jungsun,Painting,진204,,
kim yoosung,Painting,진204,,
"Jung, Jae Ho",Painting,진102,,
LEE YOUNG EUN,Painting,진204,,
Chang Junegu,Painting,진402,,
kim Taeyoon,Painting,진305,,
SOUSOU KIM,Painting,진403,,
GYEONHMIN RO,Painting,진101,,
Sojung Lee,Painting,진101,,
Hyerin Ryu,Painting,진305,,
Eunsil Kho,Painting,진402,,
Kwon Oyeol,Painting,진402,,
SONG Eunyoung,Painting,진202,,
최지영,Fashion Design,군215,,
JI HYEON JEONG,Fashion Design,군219,,
Kim Hyunwook,Fashion Design,군318,,
Hye Ree Han,Fashion Design,군318,,
KIM EON JEONG,Fashion Design,군211,,
HAN WOOLEE,Fashion Design,군211,,
HyeHyeonPark,Music,진712,,
"Nah, Sirin",Music,새101C,,
"Lee, Ki Choung",Music,대양홀강당,,
han jaeyeung,Music,학대공연장,,
Byoungwhie Chung,Music,대B04,,
Yang Minkyung,Music,진712,,
Sung Wook Jung,Music,대B04,,
Seo seunghyun,Music,대B04,,
Kim O Jim,Music,대B04,,
Kim Hyungseon,Music,대B02,,
Yeon-Kyoung Ko,Music,대B02,,
Youngjoo Lee,Music,새B218,,
Eunhye Kim,Music,진712,,
Jiyoon Nho,Music,대531,,
HWANG MISEON,Music,새B205,,
Joo Hyung Han,Music,진711,,
Ham Kyu hun,Music,새B205,,
JEON JOOHEE,Music,새B206,,
"Kim,Sunghyun",Music,새B221,,
Seongdeok Cho,Music,새B206,,
Jeeyoung Park,Music,진711,,
Shin Hye Seung,Music,진712,,
Kim Ji Hyun,Music,진711,,
Inha Kim,Music,진711,,
Jang Cheol,Music,새B206,,
Minchul Shin,Music,새B206,,
Kim Jinsu,Physical Education,용101,,
"Kang,Yu-won",Physical Education,용103,,
SON HYUKJUN,Physical Education,용102,,
"Kim, Byung-Min",Physical Education,,,
Kim Seong Eon,Physical Education,용109,,
leedongha,Dance,용202,,
Min Woo Kang,Dance,용302,,
Da Jeong Sa Gong,Dance,용302,,
JUNG KYEONG WON,Dance,용301,,
kim hee jin,Dance,용301,,
lee juyeon,Dance,용301,,
KYOUNGRIM KIM,Dance,용201,,
Kang Jin Ju,Dance,세201,,
Choi Doo-Young,Film Art,광1212,,
"LEE, JUNEYEOB",Film Art,광1212,,
"Park, Chul",Film Art,광1212,,
PARK SUKYOUNG,Film Art,광1213,,
JO JEONG MIN,Film Art,광1207,,
"Ra,Kyung-min",Film Art,충B101,,
HONG BAE YEON,Film Art,센B222,,
Kim KyoungWook,Film Art,광1212,,
Han Wheesoo,Film Art,광1213,,
Bae sujin,Film Art,광1207,,
Lee Eun Hyung,Film Art,광1213,,
Kwon seol-ah,Film Art,광1223,,
SEONYEON JANG,Film Art,광1213,,
Jongchae Sohn,Film Art,광1217,,
Kim Jun Sam,Film Art,센B222,,
Moon Deokyun,Law Law,광110,,
Kim Woojin,Law Law,집302,,
Lee Hyewon,Moving Image Design,군311,,
"Chung, Juyoun",Moving Image Design,군311,,
park eun seok,Moving Image Design,군311,,
HWAJUNGLEE,Culture Industry Management,군312,,
Lee Youjung,Luxury Brand Design,군312,,
Seungkeol Woo,Luxury Brand Design,군212,,
Chunwoo Nam,Luxury Brand Design,군212,,
Kim Eun kyeong,New Media Performance,군414,,
Park Ji Hye,Art&Technology in Global Media Software,집502,,
Beomseok Heo,Convergence Startup,광713,,
Jinsuk Che,Entertainment Software,군318,,
"Kang, Deuk-mo",,광103,,
jihyun ROH,SIC,세101,,
XU WENXIA,SIC,세102,,
Park Jihyun,SIC,세103,,
Jeong YeongGyo,SIC,세108,,
JUNG WOONGYU,SIC,세109,,
Lee  Hyunjoo,SIC,세101,,
Yang Yoon-shil,SIC,세108,,
Kang hyunjin,SIC,세109,,
shin eunok,SIC,세204,,
Kim Seohyung,SIC,세206,,
Boeui Woo,SIC,세109,,
Jung Eunjoo,SIC,세204,,
LEE JUNEON,SIC,세203,,
LEE YUNDEOK,SIC,세109,,
Lee Seo Hyun,SIC,세109,,
Kim Sang Ah,SIC,세204,,
Jang Hyunmuk,SIC,,,
Jeeyoung Shin,SIC,광1120B,,
KYU WON HAN,SIC,센B116,,
JUNG JIWON,SIC,새실기실,,
Yoo Hyun Jo,Department of Culinary Service,광205,,
Lee In-lee,Department of Culinary Service,광205,,
